Designator,Device,Footprint,Mid X,Mid Y,Ref X,Ref Y,Pad X,Pad Y,Pins,Layer,Rotation,SMD,Comment,Name
U1,"PCA9685PW,118",TSSOP-28_L9.7-W4.4-P0.65-LS6.4-TL,32mm,-16.002mm,32mm,-16.002mm,28.8mm,-11.777mm,28,T,0,Yes,"PCA9685PW,118","PCA9685PW,118"
RN1,4D03WGF2200T5E,RES-ARRAY-SMD_0603-8P-L3.2-W1.6-BL,16.764mm,-21.209mm,16.764mm,-21.209mm,15.564mm,-22.009mm,8,T,0,Yes,220Ω,220Ω
RN2,4D03WGF2200T5E,RES-ARRAY-SMD_0603-8P-L3.2-W1.6-BL,20.828mm,-21.209mm,20.828mm,-21.209mm,19.628mm,-22.009mm,8,T,0,Yes,220Ω,220Ω
RN3,4D03WGF2200T5E,RES-ARRAY-SMD_0603-8P-L3.2-W1.6-BL,47.244mm,-21.189mm,47.244mm,-21.189mm,48.444mm,-20.389mm,8,T,180,Yes,220Ω,220Ω
RN4,4D03WGF2200T5E,RES-ARRAY-SMD_0603-8P-L3.2-W1.6-BL,43.053mm,-21.189mm,43.053mm,-21.189mm,44.253mm,-20.389mm,8,T,180,Yes,220Ω,220Ω
R17,Res_0603,R0603,48.768mm,-6.35mm,48.768mm,-6.35mm,48.768mm,-7.103mm,2,T,90,Yes,5.1K,5.1K
R18,Res_0603,R0603,36.957mm,-6.35mm,36.957mm,-6.35mm,36.957mm,-7.103mm,2,T,90,Yes,5.1K,5.1K
R19,Res_0603,R0603,46.863mm,-11.43mm,46.863mm,-11.43mm,46.11mm,-11.43mm,2,T,0,Yes,10K,10K
RN5,4D03WGF2200T5E,RES-ARRAY-SMD_0603-8P-L3.2-W1.6-BL,23.749mm,-13.335mm,23.749mm,-13.335mm,24.549mm,-14.535mm,8,T,90,Yes,10kΩ,10kΩ
RN6,4D03WGF2200T5E,RES-ARRAY-SMD_0603-8P-L3.2-W1.6-BL,42.672mm,-10.541mm,42.672mm,-10.541mm,41.472mm,-11.341mm,8,T,0,Yes,10kΩ,10kΩ
C2,CAP_0603,C0603,34.544mm,-8.382mm,34.544mm,-8.382mm,35.244mm,-8.382mm,2,T,180,Yes,10uF,10uF
C3,CAP_0603,C0603,34.544mm,-10.16mm,34.544mm,-10.16mm,35.244mm,-10.16mm,2,T,180,Yes,100nF,100nF
A4,Jumper 2 Pads,PAD-JUMPER-2-NC_BY_PASTE_YES_SILK,19.129mm,-20.195mm,19.18mm,-20.195mm,18.494mm,-20.195mm,2,B,0,Yes,Jumper,Jumper
A3,Jumper 2 Pads,PAD-JUMPER-2-NC_BY_PASTE_YES_SILK,19.101mm,-17.78mm,19.05mm,-17.78mm,19.736mm,-17.78mm,2,B,180,Yes,Jumper,Jumper
A2,Jumper 2 Pads,PAD-JUMPER-2-NC_BY_PASTE_YES_SILK,19.101mm,-15.367mm,19.05mm,-15.367mm,19.736mm,-15.367mm,2,B,180,Yes,Jumper,Jumper
A1,Jumper 2 Pads,PAD-JUMPER-2-NC_BY_PASTE_YES_SILK,19.101mm,-12.954mm,19.05mm,-12.954mm,19.736mm,-12.954mm,2,B,180,Yes,Jumper,Jumper
A0,Jumper 2 Pads,PAD-JUMPER-2-NC_BY_PASTE_YES_SILK,19.101mm,-10.541mm,19.05mm,-10.541mm,19.736mm,-10.541mm,2,B,180,Yes,Jumper,Jumper
A5,Jumper 2 Pads,PAD-JUMPER-2-NC_BY_PASTE_YES_SILK,19.101mm,-22.606mm,19.05mm,-22.606mm,19.736mm,-22.606mm,2,B,180,Yes,Jumper,Jumper
U12,PM254-1-06-W-8.5,HDR-TH_6P-P2.54-H-F-W10.0-N,54.102mm,-15.981mm,54.102mm,-15.981mm,54.102mm,-22.331mm,6,T,90,No,PM254-1-06-W-8.5,PM254-1-06-W-8.5
H3,HX PZ2.54-1x6P WZ,HDR-TH_6P-P2.54-H-M-W10.3,3.937mm,-15.981mm,3.937mm,-15.981mm,3.937mm,-22.331mm,6,T,90,No,HX PZ2.54-1x6P WZ,HX PZ2.54-1x6P WZ
R20,Res_0603,R0603,51.363mm,-6.172mm,51.363mm,-6.172mm,51.363mm,-6.925mm,2,T,90,Yes,5.1K,5.1K
R21,Res_0603,R0603,54.1mm,-6.172mm,54.1mm,-6.172mm,54.1mm,-6.925mm,2,T,90,Yes,5.1K,5.1K
USB1,TYPE-C 6P(073),TYPE-C-SMD_TYPE-C-6P,42.799mm,-4.826mm,42.799mm,-4.572mm,47.119mm,-6.472mm,10,T,180,No,TYPE-C 6P(073),TYPE-C 6P(073)
Q1,AO3401A_C15127,SOT-23_L2.9-W1.3-P1.90-LS2.4-BR,20.574mm,-7.112mm,20.574mm,-7.112mm,19.424mm,-6.162mm,3,T,180,Yes,AO3401A,AO3401A
C1,ERA10V1000M8X12,CAP-TH_BD8.0-P3.50-D0.5-FD,14.097mm,-5.207mm,14.097mm,-5.207mm,14.097mm,-6.957mm,2,T,90,No,1000uF,1000uF
S1,Jumper 2 Pads,PAD-JUMPER-2-NC_BY_PASTE_YES_SILK,11.901mm,-20.193mm,11.851mm,-20.193mm,12.536mm,-20.193mm,2,B,180,Yes,Jumper,Jumper
S2,Jumper 2 Pads,PAD-JUMPER-2-NC_BY_PASTE_YES_SILK,11.901mm,-22.606mm,11.851mm,-22.606mm,12.536mm,-22.606mm,2,B,180,Yes,Jumper,Jumper
U3,ME6212C50M5G,SOT-23-5_L3.0-W1.7-P0.95-LS2.8-BL,10.795mm,-12.573mm,10.795mm,-12.573mm,9.845mm,-13.727mm,5,T,0,Yes,ME6212C50M5G,ME6212C50M5G
U4,ME6217C33M5G,SOT-23-5_L3.0-W1.7-P0.95-LS2.8-BR,14.478mm,-12.573mm,14.478mm,-12.573mm,13.528mm,-13.873mm,5,T,270,Yes,ME6217C33M5G,ME6217C33M5G
H1,HDR-M_2.54_1x4P,HDR-TH_4P-P2.54-V-M,12.7mm,-25.654mm,12.7mm,-25.654mm,8.89mm,-25.654mm,4,T,0,No,HDR-M_2.54_1x4P,HDR-M_2.54_1x4P
H2,HDR-M_2.54_1x4P,HDR-TH_4P-P2.54-V-M,25.4mm,-25.654mm,25.4mm,-25.654mm,21.59mm,-25.654mm,4,T,0,No,HDR-M_2.54_1x4P,HDR-M_2.54_1x4P
H4,HDR-M_2.54_1x4P,HDR-TH_4P-P2.54-V-M,38.608mm,-25.654mm,38.608mm,-25.654mm,34.798mm,-25.654mm,4,T,0,No,HDR-M_2.54_1x4P,HDR-M_2.54_1x4P
H5,HDR-M_2.54_1x4P,HDR-TH_4P-P2.54-V-M,51.308mm,-25.654mm,51.308mm,-25.654mm,47.498mm,-25.654mm,4,T,0,No,HDR-M_2.54_1x4P,HDR-M_2.54_1x4P
H6,HDR-M_2.54_1x4P,HDR-TH_4P-P2.54-V-M,12.7mm,-28.194mm,12.7mm,-28.194mm,8.89mm,-28.194mm,4,T,0,No,HDR-M_2.54_1x4P,HDR-M_2.54_1x4P
H7,HDR-M_2.54_1x4P,HDR-TH_4P-P2.54-V-M,25.4mm,-28.194mm,25.4mm,-28.194mm,21.59mm,-28.194mm,4,T,0,No,HDR-M_2.54_1x4P,HDR-M_2.54_1x4P
H8,HDR-M_2.54_1x4P,HDR-TH_4P-P2.54-V-M,38.608mm,-28.194mm,38.608mm,-28.194mm,34.798mm,-28.194mm,4,T,0,No,HDR-M_2.54_1x4P,HDR-M_2.54_1x4P
H9,HDR-M_2.54_1x4P,HDR-TH_4P-P2.54-V-M,51.308mm,-28.194mm,51.308mm,-28.194mm,47.498mm,-28.194mm,4,T,0,No,HDR-M_2.54_1x4P,HDR-M_2.54_1x4P
H10,HDR-M_2.54_1x4P,HDR-TH_4P-P2.54-V-M,12.7mm,-30.734mm,12.7mm,-30.734mm,8.89mm,-30.734mm,4,T,0,No,HDR-M_2.54_1x4P,HDR-M_2.54_1x4P
H11,HDR-M_2.54_1x4P,HDR-TH_4P-P2.54-V-M,25.4mm,-30.734mm,25.4mm,-30.734mm,21.59mm,-30.734mm,4,T,0,No,HDR-M_2.54_1x4P,HDR-M_2.54_1x4P
H12,HDR-M_2.54_1x4P,HDR-TH_4P-P2.54-V-M,38.608mm,-30.734mm,38.608mm,-30.734mm,34.798mm,-30.734mm,4,T,0,No,HDR-M_2.54_1x4P,HDR-M_2.54_1x4P
H13,HDR-M_2.54_1x4P,HDR-TH_4P-P2.54-V-M,51.308mm,-30.734mm,51.308mm,-30.734mm,47.498mm,-30.734mm,4,T,0,No,HDR-M_2.54_1x4P,HDR-M_2.54_1x4P
U2,KF301-5.0-2P,CONN-TH_P5.00_KF301-5.0-2P,27.813mm,-3.81mm,27.813mm,-3.81mm,30.313mm,-3.81mm,2,T,180,No,KF301-5.0-2P,KF301-5.0-2P
LED1,LED_0603-R,LED0603-R-RD,51.308mm,-3.048mm,51.308mm,-3.048mm,51.308mm,-3.899mm,2,T,270,Yes,LED_0603-R,LED_0603-R
LED2,LED_0603-B,LED0603-R-RD,54.102mm,-3.048mm,54.102mm,-3.048mm,54.102mm,-3.799mm,2,T,270,Yes,LED_0603-B,LED_0603-B
